program_id,target_gene,log2_fc,significant,source_program
1,UBE2H,0.36,True,cGEP1
1,TTLL12,0.3,True,cGEP1
1,ADAM10,0.3,True,cGEP1
1,ESYT1,-0.43,True,cGEP1
1,ARNT,0.36,True,cGEP1
1,CCT6A,-0.31,True,cGEP1
1,ABCF1,-0.38,True,cGEP1
1,SF3A3,-0.75,True,cGEP1
1,STAT2,-1.0,True,cGEP1
1,DGCR8,-0.37,True,cGEP1
1,RELA,-0.95,True,cGEP1
1,CCT8,-0.25,True,cGEP1
1,HMGCR,0.28,True,cGEP1
1,PRPF6,-0.82,True,cGEP1
1,ZNF469,-0.34,True,cGEP1
1,INO80,0.43,True,cGEP1
1,SNRPD2,-0.49,True,cGEP1
1,INTS8,0.3,True,cGEP1
1,LTBP2,-0.25,True,cGEP1
1,LAMTOR4,0.24,True,cGEP1
1,SF3B4,-0.57,True,cGEP1
1,NSRP1,-0.91,True,cGEP1
1,ILF3,0.43,True,cGEP1
1,STAT3,0.5,True,cGEP1
1,PSMD13,0.34,True,cGEP1
1,LPAR1,-0.24,True,cGEP1
1,SMURF2,-0.29,True,cGEP1
1,SRF,-0.25,True,cGEP1
1,HNRNPU,-0.57,True,cGEP1
1,CTR9,-0.7,True,cGEP1
1,SF3A2,-0.61,True,cGEP1
1,DHDDS,0.26,True,cGEP1
1,PPP1R10,-0.36,True,cGEP1
1,SNRPD3,-0.34,True,cGEP1
1,USP39,-0.52,True,cGEP1
1,MDM2,-0.46,True,cGEP1
1,ZC3H18,-0.52,True,cGEP1
1,SF3A1,-0.99,True,cGEP1
1,DHX8,-0.39,True,cGEP1
1,SOX17,-0.29,True,cGEP1
1,DDIT3,-0.3,True,cGEP1
1,SEC61A1,-0.67,True,cGEP1
1,PDS5B,-0.3,True,cGEP1
1,TOP1,0.32,True,cGEP1
1,SNRPC,-0.37,True,cGEP1
2,UBE2H,-0.15,True,cGEP2
2,MRPS18A,0.16,True,cGEP2
2,PEX6,-0.23,True,cGEP2
2,CORO1C,0.14,True,cGEP2
2,TAF6,-0.28,True,cGEP2
2,MYOCD,-0.39,True,cGEP2
2,HEXIM1,-0.23,True,cGEP2
2,DNAJC17,-0.14,True,cGEP2
2,ATP1B3,-0.19,True,cGEP2
2,RPS28,-0.31,True,cGEP2
2,ACTR2,-0.25,True,cGEP2
2,ESYT1,-0.15,True,cGEP2
2,ARNT,0.32,True,cGEP2
2,RPL10,0.22,True,cGEP2
2,ABCF1,0.23,True,cGEP2
2,CDKN1A,0.11,True,cGEP2
2,ATP8B2,0.15,True,cGEP2
2,SF3A3,-0.26,True,cGEP2
2,RHOA,-0.17,True,cGEP2
2,DGCR8,-0.27,True,cGEP2
2,RPS7,-0.33,True,cGEP2
2,RELA,-0.18,True,cGEP2
2,CERS2,-0.18,True,cGEP2
2,HNRNPM,0.17,True,cGEP2
2,XPO6,-0.17,True,cGEP2
2,PRPF6,-0.42,True,cGEP2
2,SBF2,0.17,True,cGEP2
2,SMAD4,-0.19,True,cGEP2
2,SNRPD2,-0.29,True,cGEP2
2,DNM2,-0.2,True,cGEP2
2,EDNRA,-0.17,True,cGEP2
2,SF3B4,-0.31,True,cGEP2
2,NSRP1,-0.78,True,cGEP2
2,ILF3,-0.15,True,cGEP2
2,ITGB5,0.14,True,cGEP2
2,MED1,-0.2,True,cGEP2
2,SPECC1L,-0.18,True,cGEP2
2,TARS2,0.18,True,cGEP2
2,SRF,-0.66,True,cGEP2
2,LOXL1,0.15,True,cGEP2
2,HNRNPU,0.25,True,cGEP2
2,RRBP1,0.21,True,cGEP2
2,CTR9,-0.36,True,cGEP2
2,SF3A2,-0.4,True,cGEP2
2,NOL11,-0.23,True,cGEP2
2,RPS25,-0.29,True,cGEP2
2,DHDDS,-0.23,True,cGEP2
2,SIPA1,0.19,True,cGEP2
2,PPP1R10,-0.61,True,cGEP2
2,SNRPD3,-0.21,True,cGEP2
2,HIPK1,-0.17,True,cGEP2
2,UBA52,0.21,True,cGEP2
2,ZC3H18,0.13,True,cGEP2
2,SF3A1,-0.4,True,cGEP2
2,ARHGEF12,-0.17,True,cGEP2
2,DHX8,-0.23,True,cGEP2
2,TAOK1,0.13,True,cGEP2
2,POLR2B,-0.32,True,cGEP2
2,RPS6,-0.4,True,cGEP2
2,TAF11,-0.21,True,cGEP2
2,YY1,0.17,True,cGEP2
2,IPO5,-0.17,True,cGEP2
2,SEC61A1,0.17,True,cGEP2
2,CDK12,-0.2,True,cGEP2
2,WWTR1,-0.16,True,cGEP2
2,UBAP2L,0.2,True,cGEP2
2,SNRPC,-0.32,True,cGEP2
2,ABHD2,0.19,True,cGEP2
3,QTRT1,0.12,True,cGEP3
3,UBE2H,-0.23,True,cGEP3
3,TAF6,0.12,True,cGEP3
3,RPL17,0.19,True,cGEP3
3,EPB41L2,0.16,True,cGEP3
3,HEXIM1,-0.11,True,cGEP3
3,DNAJC17,0.21,True,cGEP3
3,NOB1,0.1,True,cGEP3
3,PCIF1,0.09,True,cGEP3
3,ADAM10,0.13,True,cGEP3
3,ACTR2,-0.11,True,cGEP3
3,NT5C2,0.12,True,cGEP3
3,ARNT,0.17,True,cGEP3
3,CSDE1,0.16,True,cGEP3
3,RPL10,0.22,True,cGEP3
3,SF3A3,0.1,True,cGEP3
3,RPS7,0.2,True,cGEP3
3,DPY19L3,-0.1,True,cGEP3
3,DYNLRB1,0.1,True,cGEP3
3,PRPF6,0.53,True,cGEP3
3,TMED10,0.16,True,cGEP3
3,INO80,0.09,True,cGEP3
3,SURF4,0.15,True,cGEP3
3,DNTTIP1,-0.25,True,cGEP3
3,SNRPD2,0.16,True,cGEP3
3,USE1,0.11,True,cGEP3
3,SYMPK,-0.1,True,cGEP3
3,INTS8,-0.5,True,cGEP3
3,PSMA5,0.38,True,cGEP3
3,NSRP1,0.85,True,cGEP3
3,LSM7,0.08,True,cGEP3
3,ILF3,0.16,True,cGEP3
3,MED1,0.36,True,cGEP3
3,PSMD13,0.15,True,cGEP3
3,TARS2,0.13,True,cGEP3
3,IP6K1,0.13,True,cGEP3
3,PHB2,0.09,True,cGEP3
3,LOXL1,0.09,True,cGEP3
3,HNRNPU,0.11,True,cGEP3
3,CTR9,0.47,True,cGEP3
3,POLR3D,0.17,True,cGEP3
3,PPP1R10,-0.61,True,cGEP3
3,SNRPD3,0.11,True,cGEP3
3,DHX38,0.15,True,cGEP3
3,RPL7A,0.12,True,cGEP3
3,SRSF3,0.32,True,cGEP3
3,USP39,0.4,True,cGEP3
3,SART3,0.13,True,cGEP3
3,UBA52,0.21,True,cGEP3
3,PPIL4,0.1,True,cGEP3
3,UNC45A,0.11,True,cGEP3
3,SF3A1,0.17,True,cGEP3
3,CAST,0.11,True,cGEP3
3,N4BP2L2,-0.1,True,cGEP3
3,DHX8,0.63,True,cGEP3
3,SPOP,-0.1,True,cGEP3
3,POLR2B,0.18,True,cGEP3
3,SEMA5A,-0.08,True,cGEP3
3,RPS6,0.14,True,cGEP3
3,PSMA3,0.42,True,cGEP3
3,SEC61A1,0.4,True,cGEP3
3,MAPKAPK2,0.12,True,cGEP3
3,UQCC2,0.11,True,cGEP3
3,CLASRP,0.19,True,cGEP3
3,CFDP1,-0.14,True,cGEP3
3,RPL10A,0.15,True,cGEP3
3,NOTCH2,0.11,True,cGEP3
4,UBE2H,-0.1,True,cGEP4
4,MYOCD,-0.13,True,cGEP4
4,CCNL1,0.18,True,cGEP4
4,HEXIM1,-0.12,True,cGEP4
4,DNAJC17,0.16,True,cGEP4
4,ARNT,-0.19,True,cGEP4
4,SF3A3,0.24,True,cGEP4
4,REST,-0.12,True,cGEP4
4,MAP4,0.11,True,cGEP4
4,TBRG4,0.1,True,cGEP4
4,DPY19L3,0.17,True,cGEP4
4,PRPF6,0.38,True,cGEP4
4,ZNF469,-0.16,True,cGEP4
4,INO80,0.13,True,cGEP4
4,SURF4,0.09,True,cGEP4
4,PML,0.1,True,cGEP4
4,SF3B4,0.3,True,cGEP4
4,SCARA3,-0.1,True,cGEP4
4,NSRP1,0.79,True,cGEP4
4,SRF,-0.26,True,cGEP4
4,LOXL1,-0.12,True,cGEP4
4,HNRNPU,0.17,True,cGEP4
4,CTR9,0.32,True,cGEP4
4,SF3A2,0.21,True,cGEP4
4,USP39,0.12,True,cGEP4
4,ZC3H18,0.16,True,cGEP4
4,SF3A1,0.48,True,cGEP4
4,DHX8,0.3,True,cGEP4
4,DPH1,0.11,True,cGEP4
4,TOP1,-0.19,True,cGEP4
4,CFDP1,-0.25,True,cGEP4
5,UBE2H,-0.15,True,cGEP5
5,ACVR1,-0.04,True,cGEP5
5,MRPS18A,-0.05,True,cGEP5
5,EIF2B2,-0.08,True,cGEP5
5,IRS1,-0.04,True,cGEP5
5,TAF6,0.05,True,cGEP5
5,ZSWIM8,-0.04,True,cGEP5
5,RAI14,-0.06,True,cGEP5
5,ATP6V1B2,-0.05,True,cGEP5
5,SMARCA4,-0.04,True,cGEP5
5,HEXIM1,-0.12,True,cGEP5
5,DNAJC17,-0.05,True,cGEP5
5,TRIP12,-0.05,True,cGEP5
5,HNRNPD,0.04,True,cGEP5
5,SLC39A13,-0.05,True,cGEP5
5,FASTK,-0.09,True,cGEP5
5,CDKN2A,-0.04,True,cGEP5
5,ESYT1,0.05,True,cGEP5
5,NT5C2,-0.05,True,cGEP5
5,ARNT,-0.12,True,cGEP5
5,RBMX,-0.05,True,cGEP5
5,CCT6A,-0.06,True,cGEP5
5,CSDE1,-0.09,True,cGEP5
5,RPL10,-0.06,True,cGEP5
5,ABCF1,-0.05,True,cGEP5
5,CDKN1A,-0.12,True,cGEP5
5,SF3A3,-0.38,True,cGEP5
5,UBC,-0.07,True,cGEP5
5,FKBP10,-0.04,True,cGEP5
5,DGCR8,-0.08,True,cGEP5
5,GUCD1,-0.04,True,cGEP5
5,RELA,-0.06,True,cGEP5
5,SLC35B2,-0.04,True,cGEP5
5,DPY19L3,-0.15,True,cGEP5
5,HNRNPM,-0.1,True,cGEP5
5,XPO6,-0.04,True,cGEP5
5,PRPF6,-0.28,True,cGEP5
5,TMED10,0.04,True,cGEP5
5,INO80,-0.05,True,cGEP5
5,MRPL9,-0.04,True,cGEP5
5,SNRPD2,-0.29,True,cGEP5
5,MRPL18,-0.05,True,cGEP5
5,TNPO1,-0.04,True,cGEP5
5,EIF5,-0.04,True,cGEP5
5,INTS8,-0.15,True,cGEP5
5,LAMTOR4,-0.07,True,cGEP5
5,PSMA5,-0.11,True,cGEP5
5,SF3B4,-0.3,True,cGEP5
5,NSRP1,-0.38,True,cGEP5
5,LSM7,-0.08,True,cGEP5
5,ANKRD52,-0.06,True,cGEP5
5,ERGIC1,-0.04,True,cGEP5
5,SRM,-0.06,True,cGEP5
5,VPS18,-0.1,True,cGEP5
5,MED1,0.12,True,cGEP5
5,SPCS3,0.04,True,cGEP5
5,RCCD1,-0.05,True,cGEP5
5,SMURF2,-0.06,True,cGEP5
5,TARS2,-0.12,True,cGEP5
5,IP6K1,-0.09,True,cGEP5
5,PHB2,-0.06,True,cGEP5
5,SRF,-0.08,True,cGEP5
5,LOXL1,-0.08,True,cGEP5
5,HNRNPU,0.09,True,cGEP5
5,RRBP1,-0.16,True,cGEP5
5,GIGYF2,-0.06,True,cGEP5
5,PID1,-0.05,True,cGEP5
5,CTR9,-0.27,True,cGEP5
5,DDX5,0.05,True,cGEP5
5,SF3A2,-0.33,True,cGEP5
5,MRPL14,-0.05,True,cGEP5
5,DCUN1D5,-0.07,True,cGEP5
5,DHDDS,0.06,True,cGEP5
5,AXL,-0.04,True,cGEP5
5,TGOLN2,-0.04,True,cGEP5
5,RAB1A,-0.09,True,cGEP5
5,PPP1R10,-0.07,True,cGEP5
5,SNRPD3,-0.21,True,cGEP5
5,FNDC3B,-0.06,True,cGEP5
5,RPL7A,-0.05,True,cGEP5
5,USP39,-0.18,True,cGEP5
5,WDR12,0.05,True,cGEP5
5,MDM2,-0.07,True,cGEP5
5,YAP1,-0.04,True,cGEP5
5,UBA52,-0.07,True,cGEP5
5,PPIL4,-0.05,True,cGEP5
5,ZC3H18,-0.05,True,cGEP5
5,TCF7L1,-0.04,True,cGEP5
5,SF3A1,-0.49,True,cGEP5
5,FN1,0.04,True,cGEP5
5,CAST,-0.05,True,cGEP5
5,DHX8,-0.33,True,cGEP5
5,SPOP,-0.08,True,cGEP5
5,PCID2,-0.05,True,cGEP5
5,ARHGEF40,-0.05,True,cGEP5
5,POLR2B,0.08,True,cGEP5
5,INTS10,-0.09,True,cGEP5
5,PSMA3,-0.15,True,cGEP5
5,SAP130,-0.04,True,cGEP5
5,LAGE3,-0.04,True,cGEP5
5,SEC61A1,-0.27,True,cGEP5
5,UQCC2,-0.05,True,cGEP5
5,SRP68,-0.08,True,cGEP5
5,SNRPC,-0.12,True,cGEP5
5,CFDP1,0.04,True,cGEP5
5,NOTCH2,-0.06,True,cGEP5
6,PTK2,-0.07,True,cGEP6
6,SMAD3,0.06,True,cGEP6
6,MYOCD,0.09,True,cGEP6
6,RAI14,-0.08,True,cGEP6
6,SMARCC2,-0.06,True,cGEP6
6,ATP6V1B2,-0.07,True,cGEP6
6,CCNL1,-0.06,True,cGEP6
6,TRIP12,0.06,True,cGEP6
6,CCT6A,-0.08,True,cGEP6
6,CSDE1,-0.09,True,cGEP6
6,RPL10,0.06,True,cGEP6
6,SF3A3,-0.21,True,cGEP6
6,CCT8,-0.11,True,cGEP6
6,PRPF6,-0.14,True,cGEP6
6,INO80,-0.06,True,cGEP6
6,SMAD4,0.09,True,cGEP6
6,SNRPD2,-0.12,True,cGEP6
6,MRPL18,-0.05,True,cGEP6
6,EIF5,-0.06,True,cGEP6
6,PRKAR1A,-0.09,True,cGEP6
6,SYMPK,-0.16,True,cGEP6
6,DNM2,-0.09,True,cGEP6
6,MCU,-0.1,True,cGEP6
6,INTS8,-0.13,True,cGEP6
6,PPP2R2A,-0.09,True,cGEP6
6,SF3B4,-0.23,True,cGEP6
6,NSRP1,-0.46,True,cGEP6
6,ANKRD52,-0.07,True,cGEP6
6,COPS6,0.07,True,cGEP6
6,VPS18,-0.05,True,cGEP6
6,MED1,-0.07,True,cGEP6
6,RAC1,-0.09,True,cGEP6
6,SMURF2,-0.08,True,cGEP6
6,TARS2,-0.15,True,cGEP6
6,IP6K1,-0.05,True,cGEP6
6,SRF,0.05,True,cGEP6
6,TXNL4A,-0.07,True,cGEP6
6,HNRNPU,-0.12,True,cGEP6
6,PID1,-0.06,True,cGEP6
6,CTR9,-0.35,True,cGEP6
6,SF3A2,-0.22,True,cGEP6
6,MRPL14,-0.08,True,cGEP6
6,DHDDS,-0.07,True,cGEP6
6,AXL,-0.07,True,cGEP6
6,RAB1A,-0.1,True,cGEP6
6,PPP1R10,-0.08,True,cGEP6
6,SNRPD3,-0.1,True,cGEP6
6,MTHFD1L,-0.07,True,cGEP6
6,MYPOP,-0.07,True,cGEP6
6,USP39,-0.34,True,cGEP6
6,YAP1,-0.08,True,cGEP6
6,SF3A1,-0.4,True,cGEP6
6,MYO9B,-0.06,True,cGEP6
6,DHX8,-0.29,True,cGEP6
6,TAOK1,0.12,True,cGEP6
6,POLR2B,-0.13,True,cGEP6
6,SEC61A1,-0.42,True,cGEP6
6,MAPKAPK2,0.06,True,cGEP6
6,SETD5,-0.09,True,cGEP6
6,TOP1,0.05,True,cGEP6
6,WWTR1,-0.15,True,cGEP6
6,SNRPC,-0.07,True,cGEP6
6,CFDP1,0.08,True,cGEP6
7,QTRT1,-0.13,True,cGEP7
7,MRPS18A,-0.18,True,cGEP7
7,EIF2B2,-0.22,True,cGEP7
7,PLD3,-0.2,True,cGEP7
7,NIPSNAP3A,-0.13,True,cGEP7
7,SMAD3,-0.17,True,cGEP7
7,EPB41L2,-0.12,True,cGEP7
7,MYOCD,-1.37,True,cGEP7
7,RAI14,-0.31,True,cGEP7
7,ATP6V1B2,-0.12,True,cGEP7
7,CCNL1,-0.22,True,cGEP7
7,FMNL2,-0.13,True,cGEP7
7,CD248,-0.1,True,cGEP7
7,FASTK,-0.18,True,cGEP7
7,PCIF1,-0.2,True,cGEP7
7,BAG2,-0.14,True,cGEP7
7,ADAM10,-0.24,True,cGEP7
7,ESYT1,-0.3,True,cGEP7
7,NT5C2,-0.36,True,cGEP7
7,UBA5,-0.21,True,cGEP7
7,UBE2Q1,-0.12,True,cGEP7
7,CCT6A,0.22,True,cGEP7
7,RPL10,-0.12,True,cGEP7
7,ABCF1,-0.18,True,cGEP7
7,CDKN1A,-0.18,True,cGEP7
7,SF3A3,-0.7,True,cGEP7
7,MOB3A,-0.12,True,cGEP7
7,TOM1L2,-0.13,True,cGEP7
7,RELA,-0.2,True,cGEP7
7,CCT8,0.24,True,cGEP7
7,DPY19L3,-0.16,True,cGEP7
7,DYNLRB1,-0.22,True,cGEP7
7,VCAN,-0.1,True,cGEP7
7,XPO6,-0.38,True,cGEP7
7,PRPF6,-0.49,True,cGEP7
7,TMED10,-0.21,True,cGEP7
7,ZNF469,-0.25,True,cGEP7
7,MRPS18B,-0.13,True,cGEP7
7,ACTR10,-0.14,True,cGEP7
7,SURF4,-0.44,True,cGEP7
7,DNTTIP1,0.12,True,cGEP7
7,ITGB1BP1,-0.25,True,cGEP7
7,SNRPD2,-0.47,True,cGEP7
7,USE1,-0.3,True,cGEP7
7,MRPL18,-0.17,True,cGEP7
7,SYMPK,-0.14,True,cGEP7
7,PDGFRB,0.12,True,cGEP7
7,INTS8,0.25,True,cGEP7
7,UFL1,-0.12,True,cGEP7
7,LTBP2,-0.23,True,cGEP7
7,LAMTOR4,-0.29,True,cGEP7
7,PSMA5,-0.74,True,cGEP7
7,SF3B4,-0.41,True,cGEP7
7,MRC2,0.12,True,cGEP7
7,NSRP1,-1.33,True,cGEP7
7,ANKRD52,-0.14,True,cGEP7
7,COPS6,-0.22,True,cGEP7
7,ILF3,-0.21,True,cGEP7
7,VPS18,-0.45,True,cGEP7
7,MED1,-0.28,True,cGEP7
7,SPCS3,-0.12,True,cGEP7
7,PSMD13,-0.39,True,cGEP7
7,RCCD1,-0.18,True,cGEP7
7,TARS2,-0.65,True,cGEP7
7,IP6K1,-0.46,True,cGEP7
7,PHB2,-0.29,True,cGEP7
7,SRF,-2.45,True,cGEP7
7,KPNB1,-0.35,True,cGEP7
7,EPAS1,0.12,True,cGEP7
7,DYM,-0.26,True,cGEP7
7,ZEB1,-0.18,True,cGEP7
7,RPRD2,-0.1,True,cGEP7
7,CREB3L1,0.12,True,cGEP7
7,HNRNPU,-0.19,True,cGEP7
7,TAGLN,-0.2,True,cGEP7
7,TIMM17A,-0.14,True,cGEP7
7,CTR9,-0.78,True,cGEP7
7,SF3A2,-0.4,True,cGEP7
7,FOXC2,-0.14,True,cGEP7
7,POLR3D,-0.32,True,cGEP7
7,DCUN1D5,-0.17,True,cGEP7
7,DHDDS,-0.19,True,cGEP7
7,AXL,0.16,True,cGEP7
7,TGOLN2,-0.13,True,cGEP7
7,RAB1A,-0.35,True,cGEP7
7,PPP1R10,-0.3,True,cGEP7
7,SNRPD3,-0.36,True,cGEP7
7,CCM2,-0.22,True,cGEP7
7,HIPK1,-0.21,True,cGEP7
7,NUCB2,-0.11,True,cGEP7
7,DHX38,-0.13,True,cGEP7
7,MYPOP,-0.21,True,cGEP7
7,SRSF3,-1.78,True,cGEP7
7,SKIV2L,-0.12,True,cGEP7
7,MVK,-0.12,True,cGEP7
7,USP39,-0.69,True,cGEP7
7,MDM2,-0.37,True,cGEP7
7,HNRNPDL,-0.13,True,cGEP7
7,UBA52,-0.36,True,cGEP7
7,ZC3H18,-0.28,True,cGEP7
7,UNC45A,-0.2,True,cGEP7
7,SF3A1,-1.05,True,cGEP7
7,RPL27,-0.17,True,cGEP7
7,CAST,-0.16,True,cGEP7
7,NPEPPS,-0.13,True,cGEP7
7,YBX3,0.12,True,cGEP7
7,PSD3,0.15,True,cGEP7
7,DHX8,-0.93,True,cGEP7
7,SOX17,-0.67,True,cGEP7
7,SERPINH1,-0.11,True,cGEP7
7,TAOK1,-0.26,True,cGEP7
7,RPL27A,-0.13,True,cGEP7
7,ARHGEF40,0.15,True,cGEP7
7,TMEM184B,-0.12,True,cGEP7
7,POLR2B,-0.14,True,cGEP7
7,INTS10,0.18,True,cGEP7
7,TAF11,-0.19,True,cGEP7
7,PSMA3,-0.92,True,cGEP7
7,GTF2I,0.11,True,cGEP7
7,DUSP6,-0.14,True,cGEP7
7,SAP130,-0.2,True,cGEP7
7,PIP4K2C,-0.15,True,cGEP7
7,RNF41,-0.15,True,cGEP7
7,SEC61A1,-1.09,True,cGEP7
7,FGFR1,0.14,True,cGEP7
7,MAPKAPK2,-0.13,True,cGEP7
7,UQCC2,-0.37,True,cGEP7
7,PLCG1,0.19,True,cGEP7
7,TOP1,-0.17,True,cGEP7
7,SRP68,-0.28,True,cGEP7
7,SNRPC,-0.27,True,cGEP7
7,GOSR2,-0.16,True,cGEP7
7,RPL10A,-0.2,True,cGEP7
7,ISYNA1,0.15,True,cGEP7
7,NOTCH2,-0.27,True,cGEP7
8,UBE2H,0.31,True,cGEP8
8,ACVR1,-0.26,True,cGEP8
8,PTK2,0.41,True,cGEP8
8,SMAD3,0.19,True,cGEP8
8,ZSWIM8,0.21,True,cGEP8
8,RPL17,0.26,True,cGEP8
8,EPB41L2,-0.19,True,cGEP8
8,MYOCD,0.89,True,cGEP8
8,RAI14,0.2,True,cGEP8
8,ZFP36L2,0.21,True,cGEP8
8,SMARCC2,0.19,True,cGEP8
8,VCL,0.24,True,cGEP8
8,ATP6V1B2,0.28,True,cGEP8
8,ACTR2,0.39,True,cGEP8
8,ESYT1,0.3,True,cGEP8
8,RBMX,-0.22,True,cGEP8
8,RPL10,0.24,True,cGEP8
8,ABCF1,0.19,True,cGEP8
8,CDKN1A,0.25,True,cGEP8
8,SF3A3,0.7,True,cGEP8
8,RHOA,0.19,True,cGEP8
8,SRSF6,0.25,True,cGEP8
8,DPY19L3,0.29,True,cGEP8
8,XPO6,0.4,True,cGEP8
8,PRPF6,0.4,True,cGEP8
8,ZNF469,0.39,True,cGEP8
8,INO80,-0.23,True,cGEP8
8,SMAD4,0.47,True,cGEP8
8,MARK3,0.19,True,cGEP8
8,DNTTIP1,0.35,True,cGEP8
8,SNRPD2,0.71,True,cGEP8
8,PRKCSH,0.18,True,cGEP8
8,MCU,0.19,True,cGEP8
8,INTS8,0.38,True,cGEP8
8,LAMTOR4,0.17,True,cGEP8
8,PPP2R2A,0.2,True,cGEP8
8,SF3B4,0.79,True,cGEP8
8,SCARA3,0.2,True,cGEP8
8,NSRP1,0.74,True,cGEP8
8,LSM7,0.21,True,cGEP8
8,ANKRD52,0.52,True,cGEP8
8,HMGN2,0.21,True,cGEP8
8,ILF3,0.2,True,cGEP8
8,COL6A3,-0.2,True,cGEP8
8,VPS18,0.38,True,cGEP8
8,PSMD13,0.22,True,cGEP8
8,RAC1,0.5,True,cGEP8
8,SMURF2,-0.22,True,cGEP8
8,TARS2,0.43,True,cGEP8
8,IP6K1,0.32,True,cGEP8
8,SRF,1.05,True,cGEP8
8,KPNB1,0.21,True,cGEP8
8,PLXNA3,0.25,True,cGEP8
8,TIMM17A,0.21,True,cGEP8
8,SF3A2,0.89,True,cGEP8
8,FOXC2,0.29,True,cGEP8
8,POLR3D,0.29,True,cGEP8
8,DCUN1D5,0.24,True,cGEP8
8,DHDDS,0.4,True,cGEP8
8,RAB1A,0.38,True,cGEP8
8,SNRPD3,0.41,True,cGEP8
8,MTHFD1L,0.28,True,cGEP8
8,SRSF3,0.7,True,cGEP8
8,USP39,0.6,True,cGEP8
8,YAP1,0.56,True,cGEP8
8,SF3A1,0.99,True,cGEP8
8,RPL27,0.3,True,cGEP8
8,TEAD3,0.33,True,cGEP8
8,METAP2,0.36,True,cGEP8
8,AIDA,-0.19,True,cGEP8
8,MYO9B,0.24,True,cGEP8
8,MYO10,0.25,True,cGEP8
8,SOX17,-0.25,True,cGEP8
8,TAOK1,-0.53,True,cGEP8
8,ATAT1,0.19,True,cGEP8
8,LAGE3,0.23,True,cGEP8
8,RNF41,-0.22,True,cGEP8
8,SEC61A1,1.34,True,cGEP8
8,PDS5B,0.24,True,cGEP8
8,CDK12,0.22,True,cGEP8
8,MAPKAPK2,-0.37,True,cGEP8
8,TOP1,-0.2,True,cGEP8
8,SRP68,0.45,True,cGEP8
8,WWTR1,0.47,True,cGEP8
8,SNRPC,0.49,True,cGEP8
8,NOTCH2,0.27,True,cGEP8
9,ACVR1,-0.18,True,cGEP9
9,IRS1,0.19,True,cGEP9
9,TAF6,0.16,True,cGEP9
9,MTHFD2,-0.18,True,cGEP9
9,RAI14,0.2,True,cGEP9
9,NAA25,0.22,True,cGEP9
9,ATP6V1B2,0.23,True,cGEP9
9,HEXIM1,-0.36,True,cGEP9
9,WDR61,-0.21,True,cGEP9
9,RPS28,0.29,True,cGEP9
9,COTL1,0.17,True,cGEP9
9,CDKN2A,-0.19,True,cGEP9
9,ADAM10,0.18,True,cGEP9
9,HIC1,0.25,True,cGEP9
9,ESYT1,0.3,True,cGEP9
9,NT5C2,0.27,True,cGEP9
9,RBMX,-0.27,True,cGEP9
9,RPL10,-0.25,True,cGEP9
9,ATP8B2,-0.72,True,cGEP9
9,ISCU,0.2,True,cGEP9
9,CLK3,0.22,True,cGEP9
9,RPS7,0.56,True,cGEP9
9,RELA,-0.18,True,cGEP9
9,DYNLRB1,0.33,True,cGEP9
9,PABPC4,0.21,True,cGEP9
9,LOXL2,0.17,True,cGEP9
9,PRPF6,-0.48,True,cGEP9
9,TMED10,0.21,True,cGEP9
9,ZNF469,-0.23,True,cGEP9
9,ACTR10,0.26,True,cGEP9
9,INO80,0.28,True,cGEP9
9,SURF4,0.33,True,cGEP9
9,PDLIM7,0.17,True,cGEP9
9,SMAD4,0.3,True,cGEP9
9,DNTTIP1,-0.31,True,cGEP9
9,ITGB1BP1,0.21,True,cGEP9
9,USE1,0.24,True,cGEP9
9,SYMPK,0.34,True,cGEP9
9,SLC35B1,0.21,True,cGEP9
9,PDCD11,0.23,True,cGEP9
9,INTS8,0.23,True,cGEP9
9,LAMTOR4,0.37,True,cGEP9
9,PSMA5,0.67,True,cGEP9
9,NSRP1,-0.17,True,cGEP9
9,ILF3,0.26,True,cGEP9
9,VPS18,0.34,True,cGEP9
9,MED1,0.51,True,cGEP9
9,PSMD13,0.39,True,cGEP9
9,SMURF2,-0.19,True,cGEP9
9,SMAD2,0.18,True,cGEP9
9,TARS2,0.46,True,cGEP9
9,IP6K1,0.4,True,cGEP9
9,SRF,0.34,True,cGEP9
9,SWAP70,0.18,True,cGEP9
9,RPRD2,-0.24,True,cGEP9
9,HNRNPU,-0.68,True,cGEP9
9,DCTN2,0.22,True,cGEP9
9,CTR9,-0.4,True,cGEP9
9,NOL11,0.37,True,cGEP9
9,BCL3,0.18,True,cGEP9
9,DHDDS,0.45,True,cGEP9
9,RPL17.C18orf32,0.23,True,cGEP9
9,PPP1R10,-0.46,True,cGEP9
9,USP39,0.89,True,cGEP9
9,MDM2,0.55,True,cGEP9
9,ZC3H18,-1.4,True,cGEP9
9,UNC45A,0.23,True,cGEP9
9,VAT1,-0.28,True,cGEP9
9,NPEPPS,0.26,True,cGEP9
9,MYO9B,0.19,True,cGEP9
9,DHX8,0.27,True,cGEP9
9,POLR2B,0.32,True,cGEP9
9,RAB5C,-0.18,True,cGEP9
9,INTS10,0.23,True,cGEP9
9,RPS6,0.4,True,cGEP9
9,ATAT1,0.17,True,cGEP9
9,PSMA3,0.68,True,cGEP9
9,MORF4L1,0.18,True,cGEP9
9,SEC61A1,0.92,True,cGEP9
9,CDK12,-0.26,True,cGEP9
9,UQCC2,0.24,True,cGEP9
9,TOP1,0.37,True,cGEP9
9,SRP68,0.29,True,cGEP9
9,UBAP2L,0.31,True,cGEP9
9,GOSR2,0.18,True,cGEP9
9,CFDP1,-0.89,True,cGEP9
9,NOTCH2,0.18,True,cGEP9
10,QTRT1,-0.08,True,cGEP10
10,GANAB,-0.08,True,cGEP10
10,UBE2H,-0.18,True,cGEP10
10,ACVR1,0.29,True,cGEP10
10,TAF6,-0.08,True,cGEP10
10,PLD3,-0.1,True,cGEP10
10,SMAD3,-0.27,True,cGEP10
10,ZSWIM8,-0.1,True,cGEP10
10,RPL17,-0.29,True,cGEP10
10,EPB41L2,-0.16,True,cGEP10
10,RAI14,-0.12,True,cGEP10
10,CCNL1,-0.1,True,cGEP10
10,HEXIM1,0.12,True,cGEP10
10,DNAJC17,-0.15,True,cGEP10
10,FASTK,-0.1,True,cGEP10
10,RPS28,-0.18,True,cGEP10
10,ATN1,-0.07,True,cGEP10
10,ADAM10,-0.1,True,cGEP10
10,FARP1,-0.08,True,cGEP10
10,ESYT1,-0.17,True,cGEP10
10,NT5C2,-0.24,True,cGEP10
10,ARNT,-0.18,True,cGEP10
10,MBTPS1,-0.09,True,cGEP10
10,RBMX,-0.15,True,cGEP10
10,RPL10,-0.34,True,cGEP10
10,ABCF1,-0.21,True,cGEP10
10,CDKN1A,0.06,True,cGEP10
10,SF3A3,-0.16,True,cGEP10
10,DGCR8,0.11,True,cGEP10
10,CLK3,-0.08,True,cGEP10
10,BMPR2,0.07,True,cGEP10
10,RPS7,-0.28,True,cGEP10
10,RELA,0.08,True,cGEP10
10,DYNLRB1,-0.15,True,cGEP10
10,BCL9L,-0.08,True,cGEP10
10,VCAN,-0.07,True,cGEP10
10,HNRNPM,-0.12,True,cGEP10
10,TSPO,0.07,True,cGEP10
10,PRPF6,-0.14,True,cGEP10
10,ACTR10,-0.1,True,cGEP10
10,INO80,0.14,True,cGEP10
10,PDLIM7,-0.07,True,cGEP10
10,SMAD4,-0.75,True,cGEP10
10,DNTTIP1,-0.07,True,cGEP10
10,ITGB1BP1,-0.14,True,cGEP10
10,ATP6AP1,0.1,True,cGEP10
10,MRPL18,-0.09,True,cGEP10
10,PRKAR1A,-0.13,True,cGEP10
10,SYMPK,-0.07,True,cGEP10
10,PDGFRB,0.07,True,cGEP10
10,INTS8,0.16,True,cGEP10
10,LTBP2,-0.14,True,cGEP10
10,LAMTOR4,-0.16,True,cGEP10
10,SPPL3,-0.09,True,cGEP10
10,PSMA5,-0.66,True,cGEP10
10,PPP2R2A,0.18,True,cGEP10
10,NSRP1,-0.65,True,cGEP10
10,STAG1,-0.09,True,cGEP10
10,NCOA6,-0.08,True,cGEP10
10,HMGN2,-0.1,True,cGEP10
10,SRM,0.07,True,cGEP10
10,VPS18,-0.09,True,cGEP10
10,MED1,-0.25,True,cGEP10
10,SPCS3,-0.12,True,cGEP10
10,PSMD13,-0.25,True,cGEP10
10,RCCD1,-0.1,True,cGEP10
10,SMURF2,0.37,True,cGEP10
10,SMAD2,-0.15,True,cGEP10
10,TARS2,-0.28,True,cGEP10
10,IP6K1,-0.12,True,cGEP10
10,SRF,-0.09,True,cGEP10
10,KPNB1,-0.25,True,cGEP10
10,LOXL1,-0.1,True,cGEP10
10,DPYSL2,0.07,True,cGEP10
10,RPRD2,-0.08,True,cGEP10
10,HNRNPU,0.07,True,cGEP10
10,TGFB1,-0.1,True,cGEP10
10,DCTN2,-0.08,True,cGEP10
10,CD44,0.07,True,cGEP10
10,CTR9,-0.25,True,cGEP10
10,DDX5,-0.09,True,cGEP10
10,RPL18A,-0.14,True,cGEP10
10,FOXC2,-0.06,True,cGEP10
10,FBN2,-0.13,True,cGEP10
10,COL12A1,-0.11,True,cGEP10
10,RPS25,-0.14,True,cGEP10
10,POLR3D,-0.14,True,cGEP10
10,DHDDS,-0.08,True,cGEP10
10,AXL,0.18,True,cGEP10
10,TGOLN2,-0.17,True,cGEP10
10,RAB1A,-0.08,True,cGEP10
10,RPL17.C18orf32,-0.1,True,cGEP10
10,PPP1R10,-0.23,True,cGEP10
10,CCM2,-0.1,True,cGEP10
10,RPL7A,-0.15,True,cGEP10
10,SRSF3,-0.71,True,cGEP10
10,ECE1,-0.08,True,cGEP10
10,CHP1,-0.08,True,cGEP10
10,MYL6,0.08,True,cGEP10
10,APBB2,-0.07,True,cGEP10
10,UBA52,-0.4,True,cGEP10
10,LTBP4,0.09,True,cGEP10
10,ZC3H18,-0.19,True,cGEP10
10,SF3A1,-0.3,True,cGEP10
10,RPL27,-0.24,True,cGEP10
10,CAST,-0.13,True,cGEP10
10,ITGA5,0.08,True,cGEP10
10,TEAD3,-0.13,True,cGEP10
10,AIDA,-0.08,True,cGEP10
10,DHX8,-0.36,True,cGEP10
10,SERPINH1,-0.13,True,cGEP10
10,TAOK1,-0.1,True,cGEP10
10,RPL27A,-0.2,True,cGEP10
10,POLR2B,-0.14,True,cGEP10
10,RPS6,-0.34,True,cGEP10
10,ATAT1,-0.08,True,cGEP10
10,IGFBP7,-0.07,True,cGEP10
10,PSMA3,-0.82,True,cGEP10
10,DUSP6,-0.09,True,cGEP10
10,IPO5,-0.16,True,cGEP10
10,MORF4L1,0.08,True,cGEP10
10,PIP4K2C,-0.07,True,cGEP10
10,SEC61A1,-0.75,True,cGEP10
10,FGFR1,0.09,True,cGEP10
10,THBS1,-0.09,True,cGEP10
10,NKIRAS2,-0.08,True,cGEP10
10,ID2,-0.13,True,cGEP10
10,UQCC2,-0.24,True,cGEP10
10,PLCG1,0.13,True,cGEP10
10,SRP68,-0.31,True,cGEP10
10,UBAP2L,-0.08,True,cGEP10
10,RPL10A,-0.41,True,cGEP10
10,ISYNA1,0.08,True,cGEP10
10,NOTCH2,-0.12,True,cGEP10
11,UBE2H,0.39,True,cGEP11
11,ACVR1,-0.19,True,cGEP11
11,CORO1C,0.09,True,cGEP11
11,SPG21,0.1,True,cGEP11
11,PLD3,0.16,True,cGEP11
11,SMAD3,0.12,True,cGEP11
11,BICC1,0.09,True,cGEP11
11,EPB41L2,0.13,True,cGEP11
11,RAI14,0.13,True,cGEP11
11,ZFP36L2,-0.13,True,cGEP11
11,NAA25,-0.15,True,cGEP11
11,ATP6V1B2,-0.1,True,cGEP11
11,HEXIM1,-0.12,True,cGEP11
11,TRIP12,0.12,True,cGEP11
11,SLC39A13,-0.08,True,cGEP11
11,PCIF1,0.08,True,cGEP11
11,RPS28,0.16,True,cGEP11
11,COG5,-0.15,True,cGEP11
11,ACTR2,-0.08,True,cGEP11
11,ESYT1,0.2,True,cGEP11
11,RBMX,0.26,True,cGEP11
11,CCT6A,-0.15,True,cGEP11
11,ABCF1,0.11,True,cGEP11
11,CDKN1A,-0.08,True,cGEP11
11,ATP8B2,0.08,True,cGEP11
11,ISCU,-0.09,True,cGEP11
11,RPGRIP1L,-0.1,True,cGEP11
11,BROX,0.11,True,cGEP11
11,DGCR8,-0.16,True,cGEP11
11,RPS7,0.12,True,cGEP11
11,SLC35B2,0.1,True,cGEP11
11,CCT8,-0.11,True,cGEP11
11,SEC24D,-0.09,True,cGEP11
11,HNRNPM,0.14,True,cGEP11
11,PRPF6,-0.25,True,cGEP11
11,TMED10,-0.13,True,cGEP11
11,SH2B3,0.12,True,cGEP11
11,INO80,-0.29,True,cGEP11
11,SURF4,-0.23,True,cGEP11
11,SMAD4,0.18,True,cGEP11
11,DNTTIP1,0.12,True,cGEP11
11,ITGB1BP1,0.12,True,cGEP11
11,SNRPD2,-0.1,True,cGEP11
11,ATP6AP1,-0.1,True,cGEP11
11,USE1,-0.13,True,cGEP11
11,MRPL18,0.1,True,cGEP11
11,COG2,-0.12,True,cGEP11
11,DNM2,0.14,True,cGEP11
11,PDGFRB,-0.16,True,cGEP11
11,MCU,-0.12,True,cGEP11
11,INTS8,-0.16,True,cGEP11
11,LTBP2,0.19,True,cGEP11
11,LAMTOR4,0.22,True,cGEP11
11,PPP1R18,-0.11,True,cGEP11
11,PSMA5,0.15,True,cGEP11
11,PPP2R2A,-0.28,True,cGEP11
11,SF3B4,-0.11,True,cGEP11
11,SCARA3,-0.09,True,cGEP11
11,MRC2,-0.33,True,cGEP11
11,NSRP1,0.12,True,cGEP11
11,ANKRD52,-0.31,True,cGEP11
11,STAG1,0.09,True,cGEP11
11,NCOA6,0.1,True,cGEP11
11,COPS6,0.12,True,cGEP11
11,COL6A3,0.08,True,cGEP11
11,SRM,-0.11,True,cGEP11
11,VPS18,0.12,True,cGEP11
11,MED1,0.12,True,cGEP11
11,PARVA,0.12,True,cGEP11
11,SPCS3,0.12,True,cGEP11
11,TIMM9,0.1,True,cGEP11
11,PSMD13,0.11,True,cGEP11
11,RAC1,-0.11,True,cGEP11
11,LPAR1,-0.17,True,cGEP11
11,SMURF2,-0.21,True,cGEP11
11,TARS2,0.17,True,cGEP11
11,ABI2,0.09,True,cGEP11
11,SRF,0.14,True,cGEP11
11,XPO7,-0.08,True,cGEP11
11,IGFBP4,0.11,True,cGEP11
11,EPAS1,-0.11,True,cGEP11
11,BZW2,0.09,True,cGEP11
11,EIF4G2,0.13,True,cGEP11
11,PLXNA3,-0.08,True,cGEP11
11,RPRD2,0.11,True,cGEP11
11,HNRNPU,-0.21,True,cGEP11
11,ATP2A2,-0.15,True,cGEP11
11,CTR9,0.25,True,cGEP11
11,UBE3B,-0.09,True,cGEP11
11,DDX5,0.1,True,cGEP11
11,NELFE,0.11,True,cGEP11
11,MRPL14,-0.13,True,cGEP11
11,MBD6,0.1,True,cGEP11
11,TNFRSF1A,-0.18,True,cGEP11
11,RPS25,0.1,True,cGEP11
11,PRRX1,-0.1,True,cGEP11
11,AXL,-0.33,True,cGEP11
11,TGOLN2,0.1,True,cGEP11
11,RAB1A,-0.16,True,cGEP11
11,CCM2,0.15,True,cGEP11
11,HIPK1,0.16,True,cGEP11
11,USP39,-0.44,True,cGEP11
11,CCDC85B,-0.09,True,cGEP11
11,LRP1,0.09,True,cGEP11
11,APBB2,0.1,True,cGEP11
11,ZC3H18,0.18,True,cGEP11
11,UNC45A,-0.14,True,cGEP11
11,MRAS,-0.09,True,cGEP11
11,CAST,0.14,True,cGEP11
11,ITGA5,-0.08,True,cGEP11
11,DSTN,0.08,True,cGEP11
11,AIDA,0.15,True,cGEP11
11,MYO9B,-0.12,True,cGEP11
11,DHX8,-0.31,True,cGEP11
11,SERPINH1,0.2,True,cGEP11
11,TAOK1,0.17,True,cGEP11
11,RPL27A,0.12,True,cGEP11
11,C1R,-0.18,True,cGEP11
11,PSMA3,0.18,True,cGEP11
11,DUSP6,0.23,True,cGEP11
11,IPO5,0.14,True,cGEP11
11,RNF41,0.14,True,cGEP11
11,SEC61A1,-0.3,True,cGEP11
11,DPH1,-0.1,True,cGEP11
11,FGFR1,-0.22,True,cGEP11
11,PDS5B,0.09,True,cGEP11
11,NKIRAS2,0.11,True,cGEP11
11,CDK12,0.1,True,cGEP11
11,PLCG1,-0.27,True,cGEP11
11,SRP68,0.14,True,cGEP11
11,SREBF1,-0.1,True,cGEP11
11,CLASRP,-0.2,True,cGEP11
11,GOSR2,-0.17,True,cGEP11
11,RPL10A,0.16,True,cGEP11
11,ISYNA1,-0.2,True,cGEP11
12,UBE2H,-0.29,True,cGEP12
12,MRPS18A,0.2,True,cGEP12
12,MYOCD,-0.17,True,cGEP12
12,RAI14,0.17,True,cGEP12
12,TRIP12,-0.22,True,cGEP12
12,UBA5,-0.18,True,cGEP12
12,CDKN1A,-0.18,True,cGEP12
12,TBRG4,-0.45,True,cGEP12
12,TMED10,-0.15,True,cGEP12
12,MRPS18B,-0.18,True,cGEP12
12,INO80,0.19,True,cGEP12
12,MRPL18,0.2,True,cGEP12
12,NSRP1,-0.36,True,cGEP12
12,TARS2,0.35,True,cGEP12
12,SRF,-0.35,True,cGEP12
12,HNRNPU,0.34,True,cGEP12
12,CTR9,-0.17,True,cGEP12
12,SF3A2,0.19,True,cGEP12
12,PPP1R10,-0.23,True,cGEP12
12,USP39,-0.32,True,cGEP12
12,ZC3H18,0.21,True,cGEP12
12,SF3A1,0.25,True,cGEP12
12,DHX8,-0.27,True,cGEP12
12,SEC61A1,-0.39,True,cGEP12
12,SNRPC,0.21,True,cGEP12
12,CFDP1,-0.15,True,cGEP12
13,FLNA,-0.15,True,cGEP13
13,UBE2H,0.27,True,cGEP13
13,EIF2B2,0.25,True,cGEP13
13,IRS1,0.19,True,cGEP13
13,ZSWIM8,0.14,True,cGEP13
13,MYOCD,-0.29,True,cGEP13
13,RAI14,0.35,True,cGEP13
13,ATP6V1B2,0.26,True,cGEP13
13,TRIP12,0.17,True,cGEP13
13,ADAM10,0.17,True,cGEP13
13,FKBP8,0.12,True,cGEP13
13,HIC1,0.18,True,cGEP13
13,ESYT1,-0.2,True,cGEP13
13,ARNT,-0.13,True,cGEP13
13,CSDE1,0.19,True,cGEP13
13,RPL10,-0.21,True,cGEP13
13,ABCF1,-0.16,True,cGEP13
13,SF3A3,-0.2,True,cGEP13
13,UBC,0.18,True,cGEP13
13,BROX,0.26,True,cGEP13
13,MOB3A,0.17,True,cGEP13
13,PTK7,0.15,True,cGEP13
13,PRPF6,-0.41,True,cGEP13
13,ZNF469,-0.13,True,cGEP13
13,INO80,0.35,True,cGEP13
13,SMAD4,0.15,True,cGEP13
13,ITGB1BP1,0.14,True,cGEP13
13,USE1,0.21,True,cGEP13
13,SYMPK,-0.32,True,cGEP13
13,INTS8,0.3,True,cGEP13
13,LAMTOR4,0.3,True,cGEP13
13,PSMA5,0.25,True,cGEP13
13,NSRP1,-0.34,True,cGEP13
13,VPS18,0.41,True,cGEP13
13,TARS2,0.48,True,cGEP13
13,IP6K1,0.29,True,cGEP13
13,PHB2,0.17,True,cGEP13
13,SRF,-0.64,True,cGEP13
13,HNRNPU,-0.37,True,cGEP13
13,GIGYF2,0.28,True,cGEP13
13,CTR9,-0.22,True,cGEP13
13,SF3A2,-0.37,True,cGEP13
13,POLR3D,-0.18,True,cGEP13
13,AXL,0.19,True,cGEP13
13,PPP1R10,-0.33,True,cGEP13
13,CCM2,0.25,True,cGEP13
13,LIF,0.26,True,cGEP13
13,SRSF3,-1.24,True,cGEP13
13,MDM2,0.21,True,cGEP13
13,ZC3H18,0.52,True,cGEP13
13,SF3A1,-0.19,True,cGEP13
13,AIDA,0.24,True,cGEP13
13,DHX8,-0.43,True,cGEP13
13,SOX17,-0.22,True,cGEP13
13,POLR2B,-0.33,True,cGEP13
13,PSMA3,0.32,True,cGEP13
13,YY1,0.37,True,cGEP13
13,SEC61A1,0.71,True,cGEP13
13,TOP1,0.34,True,cGEP13
13,YBX1,0.18,True,cGEP13
13,ISYNA1,0.17,True,cGEP13
13,NOTCH2,0.22,True,cGEP13
14,QTRT1,-0.15,True,cGEP14
14,KLHDC3,0.14,True,cGEP14
14,MRPS18A,0.17,True,cGEP14
14,RPL17,0.25,True,cGEP14
14,RAI14,0.14,True,cGEP14
14,CCNL1,0.15,True,cGEP14
14,HEXIM1,0.63,True,cGEP14
14,DNAJC17,-0.35,True,cGEP14
14,TRIP12,-0.16,True,cGEP14
14,ATP1B3,-0.15,True,cGEP14
14,PCIF1,0.18,True,cGEP14
14,FXYD5,0.12,True,cGEP14
14,MBTPS1,-0.14,True,cGEP14
14,RPL10,0.15,True,cGEP14
14,CBX3,0.11,True,cGEP14
14,ISCU,0.17,True,cGEP14
14,SF3A3,-0.37,True,cGEP14
14,RELA,-0.22,True,cGEP14
14,NOP58,0.18,True,cGEP14
14,PRPF6,-0.46,True,cGEP14
14,INO80,0.12,True,cGEP14
14,SURF4,0.17,True,cGEP14
14,ITGB1BP1,0.2,True,cGEP14
14,SNRPD2,-0.21,True,cGEP14
14,USE1,0.18,True,cGEP14
14,TNPO1,-0.12,True,cGEP14
14,LAMTOR4,0.13,True,cGEP14
14,SF3B4,-0.43,True,cGEP14
14,SCARA3,-0.17,True,cGEP14
14,NSRP1,-0.59,True,cGEP14
14,VPS18,0.17,True,cGEP14
14,MED1,-0.16,True,cGEP14
14,RAC1,0.15,True,cGEP14
14,TARS2,0.38,True,cGEP14
14,IP6K1,0.16,True,cGEP14
14,SRF,0.11,True,cGEP14
14,HNRNPU,0.11,True,cGEP14
14,LMO7,0.11,True,cGEP14
14,CTR9,0.38,True,cGEP14
14,RPL18A,0.24,True,cGEP14
14,SF3A2,-0.3,True,cGEP14
14,NELFE,0.46,True,cGEP14
14,ZFYVE19,-0.32,True,cGEP14
14,RAB1A,0.24,True,cGEP14
14,PPP1R10,-0.41,True,cGEP14
14,RPL7A,0.22,True,cGEP14
14,MYPOP,0.13,True,cGEP14
14,SRSF3,0.64,True,cGEP14
14,SKIV2L,0.14,True,cGEP14
14,USP39,-0.32,True,cGEP14
14,MDM2,0.36,True,cGEP14
14,ZC3H18,0.11,True,cGEP14
14,SF3A1,-0.6,True,cGEP14
14,RPL27,0.22,True,cGEP14
14,ARHGEF12,-0.16,True,cGEP14
14,MYO9B,0.12,True,cGEP14
14,DHX8,-0.39,True,cGEP14
14,SOX17,0.26,True,cGEP14
14,SPOP,-0.31,True,cGEP14
14,POLR2B,0.26,True,cGEP14
14,PSMA3,0.27,True,cGEP14
14,ELL,-0.34,True,cGEP14
14,SEC61A1,0.61,True,cGEP14
14,SETD5,0.2,True,cGEP14
14,SRP68,0.23,True,cGEP14
14,UBAP2L,0.14,True,cGEP14
14,CFDP1,0.15,True,cGEP14
14,RPL10A,0.31,True,cGEP14
15,UBE2H,0.45,True,cGEP15
15,ACVR1,-0.15,True,cGEP15
15,RPL17,0.28,True,cGEP15
15,SMARCC2,0.15,True,cGEP15
15,DNAJC17,-0.22,True,cGEP15
15,FASTK,0.2,True,cGEP15
15,TTLL12,0.19,True,cGEP15
15,SMG6,0.13,True,cGEP15
15,FKBP8,0.14,True,cGEP15
15,ESYT1,0.22,True,cGEP15
15,NT5C2,0.22,True,cGEP15
15,CCT6A,0.16,True,cGEP15
15,ABCF1,0.33,True,cGEP15
15,ATP8B2,-0.18,True,cGEP15
15,SF3A3,0.66,True,cGEP15
15,CLK3,0.25,True,cGEP15
15,RPS7,0.27,True,cGEP15
15,ANAPC7,0.37,True,cGEP15
15,DPY19L3,0.22,True,cGEP15
15,HNRNPM,0.44,True,cGEP15
15,PRPF6,0.44,True,cGEP15
15,ZNF469,0.14,True,cGEP15
15,MRPS18B,0.39,True,cGEP15
15,ACTR10,0.17,True,cGEP15
15,INO80,0.28,True,cGEP15
15,SURF4,0.23,True,cGEP15
15,DNTTIP1,-0.27,True,cGEP15
15,SNRPD2,0.67,True,cGEP15
15,SYMPK,1.84,True,cGEP15
15,RRP36,0.2,True,cGEP15
15,INTS8,0.17,True,cGEP15
15,PSMA5,0.3,True,cGEP15
15,SF3B4,0.68,True,cGEP15
15,NSRP1,0.58,True,cGEP15
15,LSM7,0.28,True,cGEP15
15,ILF3,-0.25,True,cGEP15
15,PSMD13,0.27,True,cGEP15
15,SMURF2,-0.16,True,cGEP15
15,SMAD2,0.16,True,cGEP15
15,DAZAP1,0.18,True,cGEP15
15,SRF,0.26,True,cGEP15
15,RNASEH1,0.16,True,cGEP15
15,RPRD2,0.68,True,cGEP15
15,HNRNPU,-0.34,True,cGEP15
15,DCTN2,0.24,True,cGEP15
15,CTR9,1.71,True,cGEP15
15,SF3A2,0.71,True,cGEP15
15,NELFE,0.18,True,cGEP15
15,NOL11,0.34,True,cGEP15
15,POLR3D,0.31,True,cGEP15
15,DCUN1D5,0.28,True,cGEP15
15,SP3,-0.19,True,cGEP15
15,ZFYVE19,-0.22,True,cGEP15
15,TGOLN2,0.31,True,cGEP15
15,PPP1R10,2.35,True,cGEP15
15,SNRPD3,0.5,True,cGEP15
15,SRSF3,1.43,True,cGEP15
15,USP39,0.98,True,cGEP15
15,SART3,0.23,True,cGEP15
15,MDM2,0.38,True,cGEP15
15,UBA52,0.49,True,cGEP15
15,ZC3H18,0.17,True,cGEP15
15,SF3A1,1.09,True,cGEP15
15,RPL27,0.24,True,cGEP15
15,METAP2,0.19,True,cGEP15
15,NPEPPS,0.31,True,cGEP15
15,DHX8,0.39,True,cGEP15
15,CPSF3,0.47,True,cGEP15
15,POLR2B,0.52,True,cGEP15
15,RPS6,0.28,True,cGEP15
15,PSMA3,0.36,True,cGEP15
15,MAP1LC3A,0.15,True,cGEP15
15,SEC61A1,0.52,True,cGEP15
15,PDS5B,0.15,True,cGEP15
15,ALDH2,0.17,True,cGEP15
15,CFDP1,-0.16,True,cGEP15
15,RPL10A,0.22,True,cGEP15
15,KDELR2,0.17,True,cGEP15
15,NOTCH2,0.21,True,cGEP15
16,UBE2H,0.13,True,cGEP16
16,ACVR1,-0.29,True,cGEP16
16,TAF6,0.14,True,cGEP16
16,SMAD3,0.23,True,cGEP16
16,ZSWIM8,0.14,True,cGEP16
16,MYOCD,0.23,True,cGEP16
16,ATP6V1B2,-0.13,True,cGEP16
16,DNAJC17,0.14,True,cGEP16
16,SLC39A13,0.13,True,cGEP16
16,ESYT1,-0.18,True,cGEP16
16,ARNT,-0.24,True,cGEP16
16,STT3B,-0.14,True,cGEP16
16,ABCF1,0.17,True,cGEP16
16,CDKN1A,0.16,True,cGEP16
16,SF3A3,0.3,True,cGEP16
16,MAP4,0.16,True,cGEP16
16,RELA,-0.13,True,cGEP16
16,XPO6,0.23,True,cGEP16
16,PRPF6,0.34,True,cGEP16
16,ZNF469,0.13,True,cGEP16
16,INO80,-0.31,True,cGEP16
16,SMAD4,0.4,True,cGEP16
16,SNRPD2,0.17,True,cGEP16
16,PRKAR1A,0.84,True,cGEP16
16,SYMPK,-0.17,True,cGEP16
16,COL4A1,-0.14,True,cGEP16
16,GALNT2,-0.13,True,cGEP16
16,LAMTOR4,0.13,True,cGEP16
16,PSMA5,-0.22,True,cGEP16
16,PPP2R2A,-0.41,True,cGEP16
16,SF3B4,0.2,True,cGEP16
16,NSRP1,0.48,True,cGEP16
16,COPS6,0.19,True,cGEP16
16,VPS18,-0.17,True,cGEP16
16,MED1,0.24,True,cGEP16
16,SMURF2,-0.43,True,cGEP16
16,TARS2,0.26,True,cGEP16
16,SRF,0.41,True,cGEP16
16,KPNB1,0.27,True,cGEP16
16,STARD3,-0.14,True,cGEP16
16,EPAS1,0.13,True,cGEP16
16,HNRNPU,-0.26,True,cGEP16
16,GIGYF2,0.19,True,cGEP16
16,CTR9,0.42,True,cGEP16
16,DDX5,0.16,True,cGEP16
16,SF3A2,0.31,True,cGEP16
16,FOXC2,-0.16,True,cGEP16
16,RPS25,0.16,True,cGEP16
16,PPP1R10,-0.16,True,cGEP16
16,SRSF3,-0.43,True,cGEP16
16,CIRBP,0.13,True,cGEP16
16,UBA52,0.28,True,cGEP16
16,ZC3H18,0.17,True,cGEP16
16,SF3A1,0.45,True,cGEP16
16,TEAD3,0.16,True,cGEP16
16,DHX8,0.31,True,cGEP16
16,SERPINH1,0.14,True,cGEP16
16,PSMA3,-0.3,True,cGEP16
16,SEC61A1,-0.19,True,cGEP16
16,TOP1,0.14,True,cGEP16
16,RPL10A,0.21,True,cGEP16
17,UBE2H,0.1,True,cGEP17
17,ACVR1,0.2,True,cGEP17
17,SSBP4,-0.1,True,cGEP17
17,ENG,0.11,True,cGEP17
17,TAF6,-0.12,True,cGEP17
17,PLD3,-0.11,True,cGEP17
17,SMAD3,-0.15,True,cGEP17
17,ZSWIM8,-0.1,True,cGEP17
17,BICC1,-0.12,True,cGEP17
17,EPB41L2,-0.16,True,cGEP17
17,MYOCD,0.32,True,cGEP17
17,RAI14,-0.16,True,cGEP17
17,ZFP36L2,0.18,True,cGEP17
17,ATP6V1B2,0.11,True,cGEP17
17,HEXIM1,0.2,True,cGEP17
17,RPS28,-0.2,True,cGEP17
17,ADAM10,-0.09,True,cGEP17
17,HIC1,-0.1,True,cGEP17
17,MBTPS1,-0.09,True,cGEP17
17,RBMX,-0.1,True,cGEP17
17,SF3A3,-0.11,True,cGEP17
17,BROX,-0.1,True,cGEP17
17,DGCR8,0.26,True,cGEP17
17,RPS7,-0.15,True,cGEP17
17,RELA,0.26,True,cGEP17
17,EXOSC5,0.12,True,cGEP17
17,XPO6,0.11,True,cGEP17
17,PRPF6,-0.2,True,cGEP17
17,ZNF469,0.08,True,cGEP17
17,SMAD4,-0.11,True,cGEP17
17,MARK3,0.09,True,cGEP17
17,ITGB1BP1,-0.15,True,cGEP17
17,ATP6AP1,0.15,True,cGEP17
17,COG2,0.1,True,cGEP17
17,PRKAR1A,-0.17,True,cGEP17
17,PDGFRB,0.12,True,cGEP17
17,INTS8,0.26,True,cGEP17
17,LTBP2,-0.15,True,cGEP17
17,LAMTOR4,-0.15,True,cGEP17
17,PPP2R2A,0.18,True,cGEP17
17,EDNRA,0.17,True,cGEP17
17,MRC2,0.16,True,cGEP17
17,NSRP1,-0.35,True,cGEP17
17,ANKRD52,0.26,True,cGEP17
17,STAG1,-0.09,True,cGEP17
17,COL6A3,-0.19,True,cGEP17
17,SRM,0.09,True,cGEP17
17,VPS18,0.12,True,cGEP17
17,MED1,-0.35,True,cGEP17
17,SPCS3,-0.12,True,cGEP17
17,TCF12,-0.11,True,cGEP17
17,RCCD1,-0.12,True,cGEP17
17,LPAR1,0.14,True,cGEP17
17,SMURF2,0.27,True,cGEP17
17,TARS2,-0.25,True,cGEP17
17,COL3A1,-0.13,True,cGEP17
17,SRF,0.42,True,cGEP17
17,XPO7,0.09,True,cGEP17
17,IGFBP4,-0.1,True,cGEP17
17,KPNB1,0.11,True,cGEP17
17,STARD3,0.09,True,cGEP17
17,EPAS1,-0.1,True,cGEP17
17,SWAP70,0.11,True,cGEP17
17,EIF4G2,-0.11,True,cGEP17
17,HNRNPU,0.22,True,cGEP17
17,CTR9,-0.24,True,cGEP17
17,DDX5,-0.11,True,cGEP17
17,NELFE,-0.12,True,cGEP17
17,FOXC2,0.27,True,cGEP17
17,MBD6,-0.08,True,cGEP17
17,RPS25,-0.16,True,cGEP17
17,AXL,0.18,True,cGEP17
17,SNRPD3,-0.1,True,cGEP17
17,SRSF3,0.23,True,cGEP17
17,USP39,-0.15,True,cGEP17
17,LRP1,-0.11,True,cGEP17
17,LTBP4,0.14,True,cGEP17
17,ZC3H18,-0.11,True,cGEP17
17,SF3A1,-0.25,True,cGEP17
17,MRAS,0.1,True,cGEP17
17,FN1,-0.16,True,cGEP17
17,CAST,-0.11,True,cGEP17
17,ARHGEF12,0.11,True,cGEP17
17,METAP2,-0.11,True,cGEP17
17,AIDA,-0.11,True,cGEP17
17,DHX8,-0.21,True,cGEP17
17,SOX17,0.28,True,cGEP17
17,SERPINH1,-0.2,True,cGEP17
17,TAOK1,-0.18,True,cGEP17
17,PCID2,0.11,True,cGEP17
17,POLR2B,-0.16,True,cGEP17
17,C1R,0.09,True,cGEP17
17,INTS10,0.15,True,cGEP17
17,DUSP6,-0.1,True,cGEP17
17,YY1,-0.21,True,cGEP17
17,RNF41,-0.09,True,cGEP17
17,FGFR1,0.15,True,cGEP17
17,ID2,0.16,True,cGEP17
17,CDK12,0.12,True,cGEP17
17,MAPKAPK2,-0.16,True,cGEP17
17,PLCG1,0.15,True,cGEP17
17,ABHD2,-0.1,True,cGEP17
17,RPL10A,-0.17,True,cGEP17
17,NOTCH2,-0.19,True,cGEP17
18,UBE2H,0.52,True,cGEP18
18,EIF2B2,0.16,True,cGEP18
18,IRS1,-0.16,True,cGEP18
18,MYOCD,0.26,True,cGEP18
18,ZFP36L2,-0.14,True,cGEP18
18,DNAJC17,-0.18,True,cGEP18
18,TRIP12,0.12,True,cGEP18
18,ADAM10,0.23,True,cGEP18
18,TP53INP2,0.13,True,cGEP18
18,FKBP8,-0.13,True,cGEP18
18,ESYT1,-0.29,True,cGEP18
18,ARNT,0.31,True,cGEP18
18,RBMX,0.14,True,cGEP18
18,CCT6A,-0.14,True,cGEP18
18,REST,0.15,True,cGEP18
18,DGCR8,-0.13,True,cGEP18
18,RPS7,0.23,True,cGEP18
18,ANAPC7,-0.14,True,cGEP18
18,DYNLRB1,0.21,True,cGEP18
18,XPO6,0.19,True,cGEP18
18,PRPF6,-0.34,True,cGEP18
18,THBS2,0.15,True,cGEP18
18,INO80,-0.41,True,cGEP18
18,SMAD4,0.18,True,cGEP18
18,DNTTIP1,0.19,True,cGEP18
18,SNRPD2,0.22,True,cGEP18
18,SYMPK,-0.29,True,cGEP18
18,INTS8,0.25,True,cGEP18
18,LAMTOR4,0.14,True,cGEP18
18,PSMA5,0.22,True,cGEP18
18,EHBP1,0.13,True,cGEP18
18,NSRP1,-0.96,True,cGEP18
18,ILF3,0.13,True,cGEP18
18,COL6A3,0.12,True,cGEP18
18,VPS18,0.15,True,cGEP18
18,MED1,0.36,True,cGEP18
18,PSMD13,0.24,True,cGEP18
18,SMURF2,-0.12,True,cGEP18
18,TARS2,0.16,True,cGEP18
18,IP6K1,0.21,True,cGEP18
18,SRF,0.44,True,cGEP18
18,KPNB1,-0.28,True,cGEP18
18,EPAS1,0.13,True,cGEP18
18,TXNL4A,0.16,True,cGEP18
18,HNRNPU,-0.31,True,cGEP18
18,GIGYF2,0.12,True,cGEP18
18,CTR9,-0.26,True,cGEP18
18,FOXC2,-0.16,True,cGEP18
18,MRPL14,0.16,True,cGEP18
18,MBD6,-0.17,True,cGEP18
18,TNFRSF1A,-0.13,True,cGEP18
18,ZFYVE19,-0.16,True,cGEP18
18,DHDDS,0.17,True,cGEP18
18,PPP1R10,-0.6,True,cGEP18
18,MDM2,0.18,True,cGEP18
18,UBA52,0.36,True,cGEP18
18,ZC3H18,-0.36,True,cGEP18
18,DHX8,-0.63,True,cGEP18
18,SOX17,0.29,True,cGEP18
18,SPOP,0.13,True,cGEP18
18,TAOK1,0.21,True,cGEP18
18,PSMA3,0.22,True,cGEP18
18,YY1,-0.26,True,cGEP18
18,SEC61A1,0.18,True,cGEP18
18,SETD5,-0.28,True,cGEP18
18,PLCG1,-0.15,True,cGEP18
18,TOP1,0.46,True,cGEP18
18,WWTR1,-0.19,True,cGEP18
18,SNRPC,0.15,True,cGEP18
18,CFDP1,0.12,True,cGEP18
